USE softwareguildhotel;
INSERT INTO guest (fullName, street, city, state, zip, phone) VALUES
    ('Dhalham AJaz','MyStreet','MyCity','MyState','MyZip','07912629834'),
    ('Mack Simmer','379 Old Shore Street','Council Bluffs','IA','51501','(291) 553-0508'),
    ('Bettyann Seery','	750 Wintergreen Dr.','Wasilla','AK','99654','(478) 277-9632'),
	('Duane Cullison','9662 Foxrun Lane','Harlingen','TX','78552','(308) 494-0198'),
    ('Karie Yang','9378 W. Augusta Ave.','West Deptford','NJ','08096','(214) 730-0298'),
    ('Aurore Lipton','762 Wild Rose Street','Saginaw','MI','48601','(377) 507-0974'),
    ('Zachery Luechtefeld','7 Poplar Dr.','Arvada','CO','80003','(814) 485-2615'),
    ('Jeremiah Pendergrass','70 Oakwood St.','Zion','IL','60099','(279) 491-0960'),
    ('Walter Holaway','7556 Arrowhead St.','Cumberland','RI','02864','(446) 396-6785'),
    ('Wilfred Vise','77 West Surrey Street','Oswego','NY','13126','(834) 727-1001'),
    ('Maritza Tilton','939 Linda Rd.','Burke','VA','22015','(446) 351-6860'),
    ('Joleen Tison','87 Queen St.','Drexel Hill','PA','19026','(231) 893-2755');
    
INSERT INTO appliance (applianceId, applianceType)
		VALUES (1, 'Microwave'),
			   (2, 'Refrigerator'),
			   (3, 'Jacuzzi'),
               (4, 'Oven');
               
INSERT INTO roomtype (roomType, standardOccupancy, maximumOccupancy, extraPerson)
			 VALUES ('Double', '2', '4', '10'),
					('Single', '2', '2', '0'),
                    ('Suite', '3', '8', '20');

INSERT INTO room (roomId, ADA, basePrice, roomTypeId)
		  VALUES ('201', '0', '199.99', 1),
				 ('202', '1', '174.99', '1'),
                 ('203', '0', '199.99', '1'),
                 ('204', '1', '174.99', '1'),
                 ('205', '0', '174.99', '2'),
                 ('206', '1', '149.99', '2'),
                 ('207', '0', '174.99', '2'),
                 ('208', '1', '149.99', '2'),
                 ('301', '0', '199.99', '1'),
                 ('302', '1', '174.99', '1'),
                 ('303', '0', '199.99', '1'),
                 ('304', '1', '174.99', '1'),
                 ('305', '0', '174.99', '2'),
                 ('306', '1', '149.99', '2'),
                 ('307', '0', '174.99', '2'),
                 ('308', '1', '149.99', '2'),
                 ('401', '1', '399.99', '3'),
                 ('402', '1', '399.99', '3');

INSERT INTO reservation(reservationId, roomNumber, adults, children, checkIn, checkOut, totalCost, guestId)
				  VALUES('1', '308','1','0','2023-02-02', '2023-02-04','299.98','2'),
						('2', '203','2','1','2023-02-05', '2023-02-10','999.95','3'),
                        ('3', '305','2','0','2023-02-22', '2023-02-24','349.98','4'),
                        ('4', '201','2','2','2023-03-06', '2023-03-07','199.99','5'),
                        ('5', '307','1','1','2023-03-17', '2023-03-20','524.97','1'),
                        ('6', '302','3','0','2023-03-18', '2023-03-23','924.95','6'),
                        ('7', '202','2','2','2023-03-29', '2023-03-31','349.98','7'),
                        ('8', '304','2','0','2023-03-31', '2023-04-05','874.95','8'),
                        ('9', '301','1','0','2023-04-09', '2023-04-13','799.96','9'),
					   ('10', '207','1','1','2023-04-23', '2023-04-24','174.99','10'),
                       ('11', '401','2','4','2023-05-30', '2023-06-02','1199.97','11'),
                       ('12', '206','2','0','2023-06-10', '2023-06-14','599.96','12'),
                       ('13', '208','1','0','2023-06-10', '2023-06-14','599.96','12'),
                       ('14', '304','3','0','2023-06-17', '2023-06-18','184.99','6'),
                       ('15', '205','2','0','2023-06-28', '2023-07-02','699.96','1'),
                       ('16', '204','3','1','2023-07-13', '2023-07-14','184.99','9'),
                       ('17', '401','4','2','2023-07-18', '2023-07-21','1259.97','10'),
                       ('18', '303','2','1','2023-07-28', '2023-07-29','199.99','3'),
                       ('19', '305','1','0','2023-08-30', '2023-09-01','349.98','3'),
                       ('20', '208','2','0','2023-09-16', '2023-09-17','149.99','2'),
                       ('21', '203','2','2','2023-09-13', '2023-09-15','399.98','5'),
                       ('22', '401','2','2','2023-11-22', '2023-11-25','1199.97','4'),
                       ('23', '206','2','0','2023-11-22', '2023-11-25','449.97','2'),
                       ('24', '301','2','2','2023-11-22', '2023-11-25','599.97','2'),
                       ('25', '302','2','0','2023-12-24', '2023-12-28','699.96','11');
                       
INSERT INTO roomReservation(roomId, reservationId)
						VALUES('308','1'),
							  ('203','2'),
                              ('305','3'),
							  ('201','4'),
                              ('307','5'),
                              ('302','6'),
                              ('202','7'),
                              ('304','8'),
                              ('301','9'),
                              ('207','10'),
                              ('401','11'),
                              ('206','12'),
                              ('208','13'),
                              ('304','14'),
                              ('205','15'),
                              ('204','16'),
                              ('401','17'),
                              ('303','18'),
                              ('305','19'),
                              ('208','20'),
                              ('203','21'),
                              ('401','22'),
                              ('206','23'),
                              ('301','24'),
                              ('302','25');

INSERT INTO roomAppliance(roomId , applianceId)
		VALUES('201', '1'),
			  ('201', '3'),
              ('202', '2'),
              ('203', '1'),
              ('203', '3'),
              ('204', '2'),
              ('205', '1'),
			  ('205', '2'),
              ('205', '3'),
              ('206', '1'),
              ('206', '2'),
              ('207', '1'),
			  ('207', '2'),
              ('207', '3'),
              ('208', '1'),
              ('208', '2'),
              ('301', '1'),
			  ('301', '3'),
              ('302', '2'),
              ('303', '1'),
			  ('303', '3'),
			  ('304', '2'),
              ('305', '1'),
			  ('305', '2'),
              ('305', '3'),
              ('306', '1'),
              ('306', '2'),
              ('307', '1'),
			  ('307', '2'),
              ('307', '3'),
              ('308', '1'),
              ('308', '2'),
              ('401', '1'),
              ('401', '2'),
              ('401', '4'),
              ('402', '1'),
              ('402', '2'),
              ('402', '4');

DELETE FROM roomReservation
WHERE reservationId = 8;

DELETE FROM reservation
WHERE reservationId = 8;

DELETE FROM guest
WHERE guestId = 8;